<?xml version="1.0" encoding="UTF-8"?>
<ApexComponent xmlns="http://soap.sforce.com/2006/04/metadata">
    <apiVersion>31.0</apiVersion>
    <description>This is a generic template for Visualforce Component.  With this template, you may adjust the default elements and values and add new elements and values.</description>
    <label>C62CommunityLogoutComponent</label>
    <packageVersions>
        <majorNumber>1</majorNumber>
        <minorNumber>33</minorNumber>
        <namespace>MC4SF</namespace>
    </packageVersions>
    <packageVersions>
        <majorNumber>1</majorNumber>
        <minorNumber>6</minorNumber>
        <namespace>sf_com_apps</namespace>
    </packageVersions>
</ApexComponent>
