<?xml version="1.0" encoding="UTF-8"?>
<ApexComponent xmlns="http://soap.sforce.com/2006/04/metadata">
    <apiVersion>32.0</apiVersion>
    <label>C62PaginationControls</label>
    <packageVersions>
        <majorNumber>1</majorNumber>
        <minorNumber>64</minorNumber>
        <namespace>MC4SF</namespace>
    </packageVersions>
    <packageVersions>
        <majorNumber>1</majorNumber>
        <minorNumber>8</minorNumber>
        <namespace>sf_chttr_apps</namespace>
    </packageVersions>
    <packageVersions>
        <majorNumber>1</majorNumber>
        <minorNumber>6</minorNumber>
        <namespace>sf_com_apps</namespace>
    </packageVersions>
</ApexComponent>
