<?xml version="1.0" encoding="UTF-8"?>
<ApexComponent xmlns="http://soap.sforce.com/2006/04/metadata">
    <apiVersion>33.0</apiVersion>
    <label>C62TXNRelatedListComponent</label>
    <packageVersions>
        <majorNumber>1</majorNumber>
        <minorNumber>67</minorNumber>
        <namespace>MC4SF</namespace>
    </packageVersions>
    <packageVersions>
        <majorNumber>1</majorNumber>
        <minorNumber>10</minorNumber>
        <namespace>sf_chttr_apps</namespace>
    </packageVersions>
    <packageVersions>
        <majorNumber>1</majorNumber>
        <minorNumber>7</minorNumber>
        <namespace>sf_com_apps</namespace>
    </packageVersions>
</ApexComponent>
